slice_id,pid,fold
1,100360,5
2,100360,5
3,100360,5
4,100360,5
5,100360,5
6,100572,3
7,100572,3
8,100572,3
9,101016,4
10,101016,4
11,101016,4
12,101016,4
13,101016,4
14,101016,4
15,101016,4
16,101127,4
17,101127,4
18,101127,4
19,101127,4
20,101797,5
21,101797,5
22,101797,5
23,101797,5
24,102420,1
25,102420,1
26,102446,3
27,102675,1
28,102714,5
29,102714,5
30,102714,5
31,102714,5
32,102929,2
33,102929,2
34,102935,1
35,102985,4
36,103673,5
37,103673,5
38,103673,5
39,103673,5
40,103673,5
41,103673,5
42,103925,4
43,103925,4
44,103925,4
45,104167,3
46,104167,3
47,104167,3
48,104167,3
49,104281,3
50,104281,3
51,104281,3
52,104281,3
53,104281,3
54,104281,3
55,104281,3
56,105374,4
57,105374,4
58,105555,5
59,58392,3
60,105937,1
61,105937,1
62,106284,2
63,106284,2
64,106284,2
65,106284,2
66,106284,2
67,106442,1
68,106442,1
69,106442,1
70,106442,1
71,106534,4
72,106534,4
73,106665,3
74,106665,3
75,106665,3
76,106665,3
77,106665,3
78,106665,3
79,106665,3
80,106720,1
81,106720,1
82,106720,1
83,106720,1
84,106720,1
85,106720,1
86,106720,1
87,106914,2
88,106914,2
89,106914,2
90,106914,2
91,107190,5
92,107190,5
93,107248,5
94,107248,5
95,107248,5
96,107248,5
97,107248,5
98,107248,5
99,107494,4
100,107494,4
101,107494,4
102,107494,4
103,107494,4
104,108514,5
105,108514,5
106,108514,5
107,108514,5
108,108514,5
109,108514,5
110,108514,5
111,108550,5
112,108550,5
113,108590,3
114,108590,3
115,108945,4
116,108945,4
117,108945,4
118,108945,4
119,109411,3
120,109968,3
121,109968,3
122,109968,3
123,109968,3
124,110116,5
125,111077,2
126,111077,2
127,111077,2
128,111366,3
129,111366,3
130,111366,3
131,111366,3
132,111532,1
133,111532,1
134,111532,1
135,112002,2
136,112002,2
137,112002,2
138,112002,2
139,112062,4
140,112062,4
141,112062,4
142,112252,1
143,112252,1
144,112552,2
145,112552,2
146,112552,2
147,112552,2
148,112552,2
149,112552,2
150,112552,2
151,112648,3
152,112648,3
153,112648,3
154,113435,5
155,113435,5
156,113435,5
157,113435,5
158,113435,5
159,113435,5
160,113554,5
161,113554,5
162,113554,5
163,113805,2
164,114018,2
165,114018,2
166,114018,2
167,114018,2
168,114018,2
169,114359,2
170,114359,2
171,114359,2
172,114359,2
173,114359,2
174,114359,2
175,97607,1
176,97607,1
177,97607,1
178,97607,1
179,97607,1
180,97737,1
181,97737,1
182,97737,1
183,97737,1
184,97875,4
185,97875,4
186,97875,4
187,97943,3
188,97943,3
189,97943,3
190,97943,3
191,97943,3
192,98241,2
193,98241,2
194,98241,2
195,98241,2
196,98241,2
197,98241,2
198,99017,1
199,99017,1
200,99089,5
201,99089,5
202,99089,5
203,99288,2
204,99308,2
205,99308,2
206,99308,2
207,99308,2
208,99308,2
209,100820,3
210,100820,3
211,100360,5
212,100360,5
213,100360,5
214,100360,5
215,100360,5
216,100360,5
217,100360,5
218,100572,3
219,100572,3
220,100572,3
221,101016,4
222,101016,4
223,101016,4
224,101016,4
225,101016,4
226,101016,4
227,101127,4
228,101127,4
229,101127,4
230,101127,4
231,101797,5
232,101797,5
233,101797,5
234,101797,5
235,101797,5
236,102420,1
237,102420,1
238,102420,1
239,102446,3
240,102675,1
241,102675,1
242,102714,5
243,102714,5
244,102714,5
245,102714,5
246,102929,2
247,102929,2
248,102929,2
249,102929,2
250,102929,2
251,102929,2
252,102935,1
253,102985,4
254,103673,5
255,103673,5
256,103673,5
257,103673,5
258,103673,5
259,103673,5
260,103673,5
261,103925,4
262,103925,4
263,103925,4
264,103925,4
265,103925,4
266,103925,4
267,103925,4
268,103925,4
269,104167,3
270,104167,3
271,104167,3
272,104167,3
273,104167,3
274,104167,3
275,104281,3
276,104281,3
277,104281,3
278,104281,3
279,104281,3
280,104281,3
281,105374,4
282,105374,4
283,105555,5
284,105555,5
285,105555,5
286,105937,1
287,105937,1
288,105937,1
289,105937,1
290,106284,2
291,106284,2
292,106284,2
293,106284,2
294,106442,1
295,106442,1
296,106442,1
297,106534,4
298,106534,4
299,106665,3
300,106665,3
301,106665,3
302,106665,3
303,106665,3
304,106720,1
305,106720,1
306,106720,1
307,106720,1
308,106720,1
309,106720,1
310,106720,1
311,106914,2
312,106914,2
313,106914,2
314,106914,2
315,107190,5
316,107248,5
317,107248,5
318,107248,5
319,107248,5
320,107494,4
321,107494,4
322,107494,4
323,107494,4
324,107494,4
325,107494,4
326,108514,5
327,108514,5
328,108514,5
329,108514,5
330,108514,5
331,108514,5
332,108550,5
333,108550,5
334,108590,3
335,108590,3
336,108945,4
337,108945,4
338,108945,4
339,108945,4
340,109411,3
341,109968,3
342,109968,3
343,109968,3
344,109968,3
345,110116,5
346,110116,5
347,110116,5
348,110116,5
349,111077,2
350,111077,2
351,111077,2
352,111077,2
353,111366,3
354,111366,3
355,111366,3
356,111366,3
357,111532,1
358,111532,1
359,111532,1
360,111532,1
361,111532,1
362,112002,2
363,112002,2
364,112002,2
365,112002,2
366,112062,4
367,112062,4
368,112062,4
369,112062,4
370,112252,1
371,112252,1
372,112552,2
373,112552,2
374,112552,2
375,112552,2
376,112552,2
377,112552,2
378,112552,2
379,112648,3
380,112648,3
381,112648,3
382,113435,5
383,113435,5
384,113435,5
385,113435,5
386,113435,5
387,113435,5
388,113435,5
389,113435,5
390,113554,5
391,113554,5
392,113554,5
393,113805,2
394,113805,2
395,114018,2
396,114018,2
397,114018,2
398,114018,2
399,114359,2
400,114359,2
401,114359,2
402,114359,2
403,114359,2
404,114359,2
405,97607,1
406,97607,1
407,97607,1
408,97737,1
409,97737,1
410,97737,1
411,97737,1
412,97737,1
413,97737,1
414,97875,4
415,97875,4
416,97875,4
417,97875,4
418,97943,3
419,97943,3
420,97943,3
421,97943,3
422,97943,3
423,98241,2
424,98241,2
425,98241,2
426,98241,2
427,98241,2
428,98241,2
429,98241,2
430,99017,1
431,99017,1
432,99089,5
433,99089,5
434,99089,5
435,99089,5
436,99089,5
437,99288,2
438,99308,2
439,99308,2
440,99308,2
441,99308,2
442,100360,5
443,100360,5
444,100360,5
445,100360,5
446,100360,5
447,100360,5
448,100572,3
449,100572,3
450,100639,3
451,100639,3
452,100920,4
453,100920,4
454,100920,4
455,101016,4
456,101016,4
457,101016,4
458,101016,4
459,101082,4
460,101082,4
461,101127,4
462,101127,4
463,101127,4
464,101127,4
465,101797,5
466,101797,5
467,101797,5
468,101797,5
469,101797,5
470,101797,5
471,101801,3
472,101801,3
473,101801,3
474,102420,1
475,102420,1
476,102446,3
477,102446,3
478,102675,1
479,102675,1
480,102714,5
481,102714,5
482,102714,5
483,102714,5
484,102714,5
485,102818,2
486,102818,2
487,102818,2
488,102818,2
489,102935,1
490,102960,3
491,102960,3
492,102960,3
493,102960,3
494,102960,3
495,102985,4
496,103673,5
497,103673,5
498,103673,5
499,103673,5
500,103673,5
501,103925,4
502,103925,4
503,103925,4
504,103925,4
505,104167,3
506,104167,3
507,104167,3
508,104167,3
509,104167,3
510,104281,3
511,104281,3
512,104281,3
513,104281,3
514,104695,4
515,104695,4
516,104695,4
517,105374,4
518,105555,5
519,105555,5
520,105937,1
521,105937,1
522,105937,1
523,106284,2
524,106284,2
525,106284,2
526,106284,2
527,106442,1
528,106442,1
529,106442,1
530,106534,4
531,106534,4
532,106592,4
533,106665,3
534,106665,3
535,106665,3
536,106665,3
537,106665,3
538,106665,3
539,106665,3
540,106720,1
541,106720,1
542,106720,1
543,106914,2
544,106914,2
545,106914,2
546,106914,2
547,106914,2
548,106914,2
549,106914,2
550,107190,5
551,107248,5
552,107248,5
553,107248,5
554,107248,5
555,107248,5
556,107494,4
557,107494,4
558,107494,4
559,107494,4
560,107946,2
561,107946,2
562,107946,2
563,107946,2
564,108514,5
565,108514,5
566,108514,5
567,108514,5
568,108514,5
569,108550,5
570,108550,5
571,108590,3
572,108590,3
573,108945,4
574,108945,4
575,108945,4
576,108945,4
577,109350,5
578,109350,5
579,109411,3
580,109968,3
581,109968,3
582,109968,3
583,109968,3
584,110808,1
585,110808,1
586,111077,2
587,111077,2
588,111077,2
589,111366,3
590,111366,3
591,111366,3
592,111366,3
593,111532,1
594,111532,1
595,111532,1
596,111696,1
597,111710,4
598,111710,4
599,112002,2
600,112002,2
601,112002,2
602,112002,2
603,112062,4
604,112062,4
605,112062,4
606,112252,1
607,112252,1
608,112552,2
609,112552,2
610,112552,2
611,112552,2
612,112552,2
613,112552,2
614,112552,2
615,112648,3
616,112648,3
617,112648,3
618,112648,3
619,112650,3
620,112650,3
621,113098,1
622,113098,1
623,113098,1
624,113098,1
625,113435,5
626,113435,5
627,113435,5
628,113435,5
629,113435,5
630,113435,5
631,113554,5
632,113554,5
633,113554,5
634,113554,5
635,113614,4
636,113614,4
637,113614,4
638,113614,4
639,113805,2
640,113971,5
641,113971,5
642,114018,2
643,114018,2
644,114018,2
645,114018,2
646,114018,2
647,114018,2
648,114359,2
649,114359,2
650,114359,2
651,114359,2
652,114359,2
653,114359,2
654,114359,2
655,114417,2
656,114417,2
657,114417,2
658,114417,2
659,97374,3
660,97374,3
661,97374,3
662,97374,3
663,97374,3
664,97607,1
665,97607,1
666,97607,1
667,97607,1
668,97737,1
669,97737,1
670,97737,1
671,97737,1
672,97737,1
673,97793,3
674,97875,4
675,97943,3
676,97943,3
677,97943,3
678,97943,3
679,97943,3
680,98241,2
681,98241,2
682,98241,2
683,98241,2
684,98241,2
685,98241,2
686,99017,1
687,99017,1
688,99089,5
689,99089,5
690,99089,5
691,99089,5
692,99089,5
693,99162,1
694,99162,1
695,99162,1
696,99288,2
697,99308,2
698,99308,2
699,99308,2
700,99308,2
701,99308,2
702,99308,2
703,99815,4
704,99815,4
705,99815,4
706,99815,4
707,99815,4
708,99815,4
709,105936,5
710,105936,5
711,105936,5
712,106062,3
713,106062,3
714,106062,3
715,100820,3
716,100820,3
717,100820,3
718,101020,3
719,101020,3
720,101020,3
721,101020,3
722,102075,5
723,102075,5
724,102075,5
725,103148,1
726,103148,1
727,103148,1
728,103148,1
729,106494,5
730,106494,5
731,106494,5
732,106494,5
733,106494,5
734,106494,5
735,107747,5
736,107747,5
737,107747,5
738,107747,5
739,107747,5
740,112105,4
741,112105,4
742,112105,4
743,112105,4
744,112105,4
745,112105,4
746,112105,4
747,100820,3
748,100820,3
749,100820,3
750,100820,3
751,100820,3
752,100820,3
753,101020,3
754,101020,3
755,101020,3
756,101020,3
757,101020,3
758,101020,3
759,101020,3
760,101020,3
761,102075,5
762,102075,5
763,102075,5
764,103148,1
765,103148,1
766,103148,1
767,103148,1
768,106494,5
769,106494,5
770,106494,5
771,106494,5
772,106494,5
773,107747,5
774,107747,5
775,107747,5
776,107747,5
777,107747,5
778,107747,5
779,112027,3
780,112027,3
781,112105,4
782,112105,4
783,112105,4
784,112105,4
785,112105,4
786,112105,4
787,112105,4
788,112105,4
789,112105,4
790,112105,4
791,112105,4
792,88670,4
793,88670,4
794,88670,4
795,88670,4
796,88670,4
797,88670,4
798,88670,4
799,90284,2
800,90284,2
801,90284,2
802,90284,2
803,90284,2
804,90284,2
805,90284,2
806,90284,2
807,92897,3
808,92897,3
809,93825,1
810,93825,1
811,93825,1
812,97609,2
813,97609,2
814,97609,2
815,97609,2
816,97609,2
817,97609,2
818,100416,3
819,100416,3
820,100416,3
821,100416,3
822,100820,3
823,100820,3
824,100820,3
825,100820,3
826,100820,3
827,100820,3
828,101020,3
829,101020,3
830,101020,3
831,101020,3
832,101020,3
833,101020,3
834,101384,1
835,101384,1
836,101384,1
837,102075,5
838,102075,5
839,102075,5
840,103148,1
841,103148,1
842,103148,1
843,103148,1
844,105653,2
845,105653,2
846,106494,5
847,106494,5
848,106494,5
849,106494,5
850,106494,5
851,106494,5
852,106494,5
853,107747,5
854,107747,5
855,107747,5
856,107747,5
857,108479,1
858,108479,1
859,112105,4
860,112105,4
861,112105,4
862,112105,4
863,112105,4
864,112105,4
865,88670,4
866,88670,4
867,88670,4
868,88670,4
869,88670,4
870,90284,2
871,90284,2
872,90284,2
873,90284,2
874,90284,2
875,90284,2
876,90284,2
877,90284,2
878,90284,2
879,90284,2
880,90284,2
881,92897,3
882,92897,3
883,93329,3
884,93329,3
885,93329,3
886,93329,3
887,93329,3
888,93825,1
889,93825,1
890,93825,1
891,93825,1
892,94731,3
893,94731,3
894,94731,3
895,95142,2
896,95142,2
897,95142,2
898,95142,2
899,95142,2
900,95142,2
901,95142,2
902,95142,2
903,95142,2
904,96587,3
905,96587,3
906,96587,3
907,96587,3
908,97609,2
909,97609,2
910,97609,2
911,97609,2
912,98889,2
913,98889,2
914,98889,2
915,98889,2
916,98889,2
917,98889,2
918,105936,5
919,105936,5
920,105936,5
921,105936,5
922,106062,3
923,106062,3
924,106062,3
925,106062,3
926,107495,3
927,107495,3
928,107495,3
929,107495,3
930,107495,3
931,107495,3
932,107495,3
933,107429,1
934,107429,1
935,107429,1
936,107429,1
937,107429,1
938,107429,1
939,107505,5
940,107505,5
941,107505,5
942,107505,5
943,107505,5
944,107505,5
945,107505,5
946,107743,5
947,107743,5
948,107743,5
949,107743,5
950,108858,1
951,108858,1
952,108858,1
953,108858,1
954,108858,1
955,108931,4
956,108931,4
957,108931,4
958,109471,3
959,109471,3
960,109471,3
961,109471,3
962,109769,2
963,109769,2
964,109769,2
965,109769,2
966,109898,3
967,109898,3
968,109898,3
969,109898,3
970,109898,3
971,109898,3
972,110518,2
973,110518,2
974,110537,5
975,110537,5
976,110993,4
977,110993,4
978,110993,4
979,110993,4
980,111075,2
981,111075,2
982,111075,2
983,111075,2
984,111075,2
985,111075,2
986,111125,5
987,111125,5
988,111125,5
989,111125,5
990,111785,5
991,111785,5
992,111785,5
993,111785,5
994,112074,1
995,112074,1
996,112074,1
997,112074,1
998,112649,5
999,112649,5
1000,112649,5
1001,112649,5
1002,112649,5
1003,112746,1
1004,112746,1
1005,112746,1
1006,112847,5
1007,112847,5
1008,112847,5
1009,112847,5
1010,113274,3
1011,113274,3
1012,113274,3
1013,113741,3
1014,113741,3
1015,114040,4
1016,114040,4
1017,114040,4
1018,114361,4
1019,114361,4
1020,114361,4
1021,114094,1
1022,114094,1
1023,114094,1
1024,114094,1
1025,101017,2
1026,101017,2
1027,101017,2
1028,101017,2
1029,101017,2
1030,101029,1
1031,101029,1
1032,101029,1
1033,101029,1
1034,105936,5
1035,106062,3
1036,106062,3
1037,106062,3
1038,106062,3
1039,106062,3
1040,106062,3
1041,106062,3
1042,107495,3
1043,107495,3
1044,107495,3
1045,107495,3
1046,107495,3
1047,107429,1
1048,107429,1
1049,107429,1
1050,107429,1
1051,107429,1
1052,107429,1
1053,107429,1
1054,107505,5
1055,107505,5
1056,107505,5
1057,107505,5
1058,107505,5
1059,107743,5
1060,107743,5
1061,107743,5
1062,107743,5
1063,107743,5
1064,107743,5
1065,108858,1
1066,108858,1
1067,108858,1
1068,108858,1
1069,108858,1
1070,108931,4
1071,108931,4
1072,108931,4
1073,108931,4
1074,108931,4
1075,108931,4
1076,108931,4
1077,109471,3
1078,109471,3
1079,109471,3
1080,109471,3
1081,109471,3
1082,109471,3
1083,109769,2
1084,109769,2
1085,109769,2
1086,109769,2
1087,109769,2
1088,109898,3
1089,109898,3
1090,109898,3
1091,109898,3
1092,109898,3
1093,109898,3
1094,110518,2
1095,110518,2
1096,110518,2
1097,110518,2
1098,110518,2
1099,110518,2
1100,110537,5
1101,110537,5
1102,110537,5
1103,110537,5
1104,110537,5
1105,110537,5
1106,110537,5
1107,110993,4
1108,110993,4
1109,110993,4
1110,110993,4
1111,110993,4
1112,111075,2
1113,111075,2
1114,111075,2
1115,111075,2
1116,111075,2
1117,111075,2
1118,111125,5
1119,111125,5
1120,111125,5
1121,111125,5
1122,111125,5
1123,111125,5
1124,111785,5
1125,111785,5
1126,111785,5
1127,111785,5
1128,111785,5
1129,112074,1
1130,112074,1
1131,112074,1
1132,112074,1
1133,112074,1
1134,112649,5
1135,112649,5
1136,112649,5
1137,112649,5
1138,112649,5
1139,112649,5
1140,112746,1
1141,112746,1
1142,112746,1
1143,112746,1
1144,112847,5
1145,112847,5
1146,112847,5
1147,112847,5
1148,113274,3
1149,113274,3
1150,113274,3
1151,113741,3
1152,113741,3
1153,113741,3
1154,114040,4
1155,114040,4
1156,114040,4
1157,114361,4
1158,114361,4
1159,114361,4
1160,114361,4
1161,114094,1
1162,114094,1
1163,114094,1
1164,114094,1
1165,114094,1
1166,105936,5
1167,105936,5
1168,105936,5
1169,106062,3
1170,106062,3
1171,106062,3
1172,106062,3
1173,106062,3
1174,106062,3
1175,106062,3
1176,107495,3
1177,107495,3
1178,107495,3
1179,107495,3
1180,107495,3
1181,107495,3
1182,107429,1
1183,107429,1
1184,107429,1
1185,107429,1
1186,107429,1
1187,107429,1
1188,107429,1
1189,107505,5
1190,107505,5
1191,107505,5
1192,107505,5
1193,107505,5
1194,107743,5
1195,107743,5
1196,107743,5
1197,107743,5
1198,108858,1
1199,108858,1
1200,108858,1
1201,108858,1
1202,108858,1
1203,108931,4
1204,108931,4
1205,108931,4
1206,108931,4
1207,108931,4
1208,109471,3
1209,109471,3
1210,109471,3
1211,109471,3
1212,109471,3
1213,109471,3
1214,109769,2
1215,109769,2
1216,109769,2
1217,109769,2
1218,109769,2
1219,109898,3
1220,109898,3
1221,109898,3
1222,110518,2
1223,110518,2
1224,110518,2
1225,110518,2
1226,110537,5
1227,110537,5
1228,110537,5
1229,110537,5
1230,110993,4
1231,110993,4
1232,110993,4
1233,111075,2
1234,111075,2
1235,111075,2
1236,111075,2
1237,111075,2
1238,111125,5
1239,111125,5
1240,111125,5
1241,111125,5
1242,111785,5
1243,111785,5
1244,111785,5
1245,111785,5
1246,112074,1
1247,112074,1
1248,112074,1
1249,112074,1
1250,112074,1
1251,112649,5
1252,112649,5
1253,112649,5
1254,112649,5
1255,112649,5
1256,112746,1
1257,112746,1
1258,112746,1
1259,112746,1
1260,112746,1
1261,112847,5
1262,112847,5
1263,112847,5
1264,112847,5
1265,112847,5
1266,113274,3
1267,113274,3
1268,113274,3
1269,113274,3
1270,113741,3
1271,113741,3
1272,113741,3
1273,114040,4
1274,114040,4
1275,114040,4
1276,114361,4
1277,114361,4
1278,114361,4
1279,114094,1
1280,114094,1
1281,114094,1
1282,114094,1
1283,101029,1
1284,101029,1
1285,101145,2
1286,101145,2
1287,101145,2
1288,101145,2
1289,101305,3
1290,101305,3
1291,101305,3
1292,101305,3
1293,101724,2
1294,101724,2
1295,102648,2
1296,102648,2
1297,102648,2
1298,102648,2
1299,102648,2
1300,102648,2
1301,103046,2
1302,103046,2
1303,103046,2
1304,103257,4
1305,103257,4
1306,103257,4
1307,103257,4
1308,103257,4
1309,103257,4
1310,103478,5
1311,103478,5
1312,103478,5
1313,103478,5
1314,103478,5
1315,103478,5
1316,103478,5
1317,103582,3
1318,103582,3
1319,103582,3
1320,103582,3
1321,103582,3
1322,103582,3
1323,103670,5
1324,103670,5
1325,103670,5
1326,103671,1
1327,103671,1
1328,103671,1
1329,103671,1
1330,103731,4
1331,103731,4
1332,103731,4
1333,103731,4
1334,103731,4
1335,103731,4
1336,103731,4
1337,103731,4
1338,103731,4
1339,103731,4
1340,103837,2
1341,103837,2
1342,103837,2
1343,103837,2
1344,103837,2
1345,103837,2
1346,103837,2
1347,103837,2
1348,104019,4
1349,104019,4
1350,104019,4
1351,104019,4
1352,104558,2
1353,104558,2
1354,104558,2
1355,104558,2
1356,104558,2
1357,104558,2
1358,104558,2
1359,104558,2
1360,104684,3
1361,104684,3
1362,104684,3
1363,104684,3
1364,104684,3
1365,104684,3
1366,104684,3
1367,104684,3
1368,104684,3
1369,104912,5
1370,104912,5
1371,104912,5
1372,104912,5
1373,104912,5
1374,105187,1
1375,105187,1
1376,105187,1
1377,105187,1
1378,105475,1
1379,105475,1
1380,105538,4
1381,105538,4
1382,105538,4
1383,105638,4
1384,105638,4
1385,105638,4
1386,97416,4
1387,97416,4
1388,97416,4
1389,97416,4
1390,97416,4
1391,97416,4
1392,97416,4
1393,97416,4
1394,97416,4
1395,97461,3
1396,97461,3
1397,97461,3
1398,97461,3
1399,97461,3
1400,97461,3
1401,97461,3
1402,97461,3
1403,97461,3
1404,97481,2
1405,97481,2
1406,97481,2
1407,97481,2
1408,97599,2
1409,97599,2
1410,97890,1
1411,97890,1
1412,97890,1
1413,97890,1
1414,98472,3
1415,98472,3
1416,98472,3
1417,98472,3
1418,98472,3
1419,98472,3
1420,98472,3
1421,98652,3
1422,98652,3
1423,98652,3
1424,98871,4
1425,98871,4
1426,98871,4
1427,98871,4
1428,98871,4
1429,98871,4
1430,98874,1
1431,98874,1
1432,98874,1
1433,98874,1
1434,98874,1
1435,98992,5
1436,98992,5
1437,98992,5
1438,98992,5
1439,98992,5
1440,98992,5
1441,98992,5
1442,98995,4
1443,98995,4
1444,98995,4
1445,98995,4
1446,98995,4
1447,99223,1
1448,99223,1
1449,99223,1
1450,99223,1
1451,99223,1
1452,99223,1
1453,99223,1
1454,99223,1
1455,99223,1
1456,101017,2
1457,101017,2
1458,101017,2
1459,101017,2
1460,101017,2
1461,101017,2
1462,101029,1
1463,101029,1
1464,101029,1
1465,101029,1
1466,101029,1
1467,101029,1
1468,101145,2
1469,101145,2
1470,101145,2
1471,101145,2
1472,101305,3
1473,101305,3
1474,101305,3
1475,101305,3
1476,101305,3
1477,101305,3
1478,101305,3
1479,101305,3
1480,101724,2
1481,101724,2
1482,101724,2
1483,102648,2
1484,102648,2
1485,102648,2
1486,102648,2
1487,102669,5
1488,102669,5
1489,103046,2
1490,103046,2
1491,103046,2
1492,103046,2
1493,103257,4
1494,103257,4
1495,103257,4
1496,103257,4
1497,103257,4
1498,103478,5
1499,103478,5
1500,103478,5
1501,103478,5
1502,103478,5
1503,103478,5
1504,103478,5
1505,103478,5
1506,103582,3
1507,103582,3
1508,103582,3
1509,103582,3
1510,103582,3
1511,103670,5
1512,103670,5
1513,103670,5
1514,103670,5
1515,103671,1
1516,103671,1
1517,103671,1
1518,103671,1
1519,103671,1
1520,103671,1
1521,103731,4
1522,103731,4
1523,103731,4
1524,103731,4
1525,103731,4
1526,103731,4
1527,103731,4
1528,103837,2
1529,103837,2
1530,103837,2
1531,103837,2
1532,103837,2
1533,104019,4
1534,104019,4
1535,104019,4
1536,104019,4
1537,104019,4
1538,104558,2
1539,104558,2
1540,104558,2
1541,104558,2
1542,104558,2
1543,104558,2
1544,104558,2
1545,104684,3
1546,104684,3
1547,104684,3
1548,104684,3
1549,104684,3
1550,104684,3
1551,104684,3
1552,104912,5
1553,104912,5
1554,104912,5
1555,104912,5
1556,104912,5
1557,105187,1
1558,105187,1
1559,105187,1
1560,105187,1
1561,105187,1
1562,105187,1
1563,105475,1
1564,105475,1
1565,105475,1
1566,105538,4
1567,105538,4
1568,105638,4
1569,105638,4
1570,105638,4
1571,105638,4
1572,105638,4
1573,97416,4
1574,97416,4
1575,97416,4
1576,97416,4
1577,97416,4
1578,97416,4
1579,97416,4
1580,97416,4
1581,97461,3
1582,97461,3
1583,97461,3
1584,97461,3
1585,97461,3
1586,97461,3
1587,97461,3
1588,97461,3
1589,97481,2
1590,97481,2
1591,97481,2
1592,97481,2
1593,97481,2
1594,97599,2
1595,97599,2
1596,97890,1
1597,97890,1
1598,97890,1
1599,97890,1
1600,98472,3
1601,98472,3
1602,98472,3
1603,98472,3
1604,98472,3
1605,98652,3
1606,98652,3
1607,98652,3
1608,98652,3
1609,98871,4
1610,98871,4
1611,98871,4
1612,98871,4
1613,98871,4
1614,98871,4
1615,98871,4
1616,98874,1
1617,98874,1
1618,98874,1
1619,98874,1
1620,98874,1
1621,98992,5
1622,98992,5
1623,98992,5
1624,98992,5
1625,98992,5
1626,98992,5
1627,98992,5
1628,98995,4
1629,98995,4
1630,98995,4
1631,98995,4
1632,98995,4
1633,98995,4
1634,99223,1
1635,99223,1
1636,99223,1
1637,99223,1
1638,99223,1
1639,99223,1
1640,101017,2
1641,101017,2
1642,101017,2
1643,101017,2
1644,101029,1
1645,101029,1
1646,101029,1
1647,101029,1
1648,101029,1
1649,101029,1
1650,101029,1
1651,101145,2
1652,101145,2
1653,101145,2
1654,101145,2
1655,101305,3
1656,101305,3
1657,101305,3
1658,101305,3
1659,101724,2
1660,101724,2
1661,101724,2
1662,101724,2
1663,101724,2
1664,101724,2
1665,102648,2
1666,102648,2
1667,102648,2
1668,102648,2
1669,102648,2
1670,102648,2
1671,102648,2
1672,102669,5
1673,103046,2
1674,103046,2
1675,103046,2
1676,103046,2
1677,103257,4
1678,103257,4
1679,103257,4
1680,103257,4
1681,103257,4
1682,103257,4
1683,103257,4
1684,103478,5
1685,103478,5
1686,103478,5
1687,103478,5
1688,103478,5
1689,103478,5
1690,103478,5
1691,103478,5
1692,103582,3
1693,103582,3
1694,103582,3
1695,103582,3
1696,103582,3
1697,103582,3
1698,103582,3
1699,103582,3
1700,103670,5
1701,103670,5
1702,103670,5
1703,103670,5
1704,103671,1
1705,103671,1
1706,103671,1
1707,103671,1
1708,103671,1
1709,103731,4
1710,103731,4
1711,103731,4
1712,103731,4
1713,103731,4
1714,103837,2
1715,103837,2
1716,103837,2
1717,103837,2
1718,103837,2
1719,103837,2
1720,103837,2
1721,104019,4
1722,104019,4
1723,104019,4
1724,104019,4
1725,104558,2
1726,104558,2
1727,104558,2
1728,104558,2
1729,104558,2
1730,104558,2
1731,104558,2
1732,104558,2
1733,104558,2
1734,104684,3
1735,104684,3
1736,104684,3
1737,104684,3
1738,104684,3
1739,104684,3
1740,104684,3
1741,104912,5
1742,104912,5
1743,104912,5
1744,104912,5
1745,104912,5
1746,104912,5
1747,104912,5
1748,105187,1
1749,105187,1
1750,105187,1
1751,105187,1
1752,105187,1
1753,105187,1
1754,105475,1
1755,105475,1
1756,105475,1
1757,105475,1
1758,105475,1
1759,105538,4
1760,105538,4
1761,105638,4
1762,105638,4
1763,105638,4
1764,105638,4
1765,105638,4
1766,97416,4
1767,97416,4
1768,97416,4
1769,97416,4
1770,97416,4
1771,97416,4
1772,97416,4
1773,97461,3
1774,97461,3
1775,97461,3
1776,97461,3
1777,97461,3
1778,97461,3
1779,97461,3
1780,97461,3
1781,97481,2
1782,97481,2
1783,97481,2
1784,97481,2
1785,97481,2
1786,97599,2
1787,97599,2
1788,97599,2
1789,97890,1
1790,97890,1
1791,97890,1
1792,97890,1
1793,97890,1
1794,97890,1
1795,98472,3
1796,98472,3
1797,98472,3
1798,98472,3
1799,98472,3
1800,98472,3
1801,98652,3
1802,98652,3
1803,98652,3
1804,98652,3
1805,98652,3
1806,98871,4
1807,98871,4
1808,98871,4
1809,98871,4
1810,98871,4
1811,98871,4
1812,98871,4
1813,98874,1
1814,98874,1
1815,98874,1
1816,98874,1
1817,98874,1
1818,98874,1
1819,98992,5
1820,98992,5
1821,98992,5
1822,98992,5
1823,98992,5
1824,98992,5
1825,98992,5
1826,98992,5
1827,98992,5
1828,98992,5
1829,98992,5
1830,98995,4
1831,98995,4
1832,98995,4
1833,98995,4
1834,98995,4
1835,99223,1
1836,99223,1
1837,99223,1
1838,99223,1
1839,99223,1
1840,99223,1
1841,MR048294,1
1842,MR048294,1
1843,MR048294,1
1844,MR048294,1
1845,MR048294,1
1846,MR048294,1
1847,MR048294,1
1848,MR048294,1
1849,MR048297,1
1850,MR048297,1
1851,MR048297,1
1852,MR048297,1
1853,MR048294B,5
1854,MR048621B,5
1855,MR048621B,5
1856,MR048621B,5
1857,MR048621B,5
1858,MR048621B,5
1859,MR048621B,5
1860,MR048621B,5
1861,MR048621B,5
1862,MR048944,5
1863,MR048944,5
1864,MR048944,5
1865,MR048944,5
1866,MR048944,5
1867,MR048944,5
1868,MR048944,5
1869,MR048944,5
1870,MR048994,2
1871,MR048994,2
1872,MR048994,2
1873,MR048994,2
1874,MR048994,2
1875,MR048994,2
1876,MR048994,2
1877,MR048994,2
1878,MR048994,2
1879,MR049104,1
1880,MR049104,1
1881,MR049142,5
1882,MR049142,5
1883,MR049142,5
1884,MR049142,5
1885,MR048994B,4
1886,MR048994B,4
1887,MR048994B,4
1888,MR048994B,4
1889,MR048994B,4
1890,MR048994B,4
1891,MR048994B,4
1892,MR048994B,4
1893,MR048944B,5
1894,MR048944B,5
1895,MR048944B,5
1896,MR048944B,5
1897,MR048944B,5
1898,MR048944B,5
1899,MR049358,3
1900,MR049358,3
1901,MR049358,3
1902,MR049358,3
1903,MR049358,3
1904,MR049358,3
1905,MR049358,3
1906,MR049358,3
1907,MR049358,3
1908,MR049358,3
1909,MR049104B,3
1910,MR049104B,3
1911,MR049104B,3
1912,MR049104B,3
1913,MR049104B,3
1914,MR049453,2
1915,MR049453,2
1916,MR049453,2
1917,MR049453,2
1918,MR049453,2
1919,MR049453,2
1920,MR049453,2
1921,MR024780G,1
1922,MR024780G,1
1923,MR024780G,1
1924,MR024780G,1
1925,MR024780G,1
1926,MR024780G,1
1927,MR024780G,1
1928,MR024780G,1
1929,MR024780G,1
1930,MR024780G,1
1931,MR024780G,1
1932,MR024780G,1
1933,MR024780G,1
1934,MR024780G,1
1935,MR024780G,1
1936,MR024780G,1
1937,MR049453B,1
1938,MR049453B,1
1939,MR049453B,1
1940,MR049453B,1
1941,MR049453B,1
1942,MR049453B,1
1943,MR049453B,1
1944,MR049453B,1
1945,MR048294B,5
1946,MR048294B,5
1947,MR048294B,5
1948,MR048621B,5
1949,MR048621B,5
1950,MR050135B,2
1951,MR050135B,2
1952,MR050135B,2
1953,MR050135B,2
1954,MR050135B,2
1955,MR050135B,2
1956,MR050135B,2
1957,MR050135B,2
1958,MR050135B,2
1959,MR050135B,2
1960,MR050135B,2
1961,MR050135B,2
1962,MR050135B,2
1963,MR050135B,2
1964,MR050687,1
1965,MR050687,1
1966,MR050687,1
1967,MR050687,1
1968,MR050687,1
1969,MR050687,1
1970,MR050687,1
1971,MR050687,1
1972,MR050687,1
1973,MR050687,1
1974,MR050791B,4
1975,MR050791B,4
1976,MR050791B,4
1977,MR050791B,4
1978,MR050791B,4
1979,MR050791B,4
1980,MR050791B,4
1981,MR050791B,4
1982,MR050791B,4
1983,MR050791B,4
1984,MR049019C,4
1985,MR049019C,4
1986,MR049019C,4
1987,MR026175C,4
1988,MR026175C,4
1989,MR026175C,4
1990,MR026175C,4
1991,MR026175C,4
1992,MR026175C,4
1993,MR026175C,4
1994,MR026175C,4
1995,MR026175C,4
1996,MR026175C,4
1997,MR026175C,4
1998,MR051461,2
1999,MR051461,2
2000,MR051461,2
2001,MR051461,2
2002,MR051461,2
2003,MR051461,2
2004,MR051461,2
2005,MR051586,5
2006,MR051586,5
2007,MR051586,5
2008,MR051586,5
2009,MR051586,5
2010,MR051586,5
2011,MR051586,5
2012,MR051461B,4
2013,MR051461B,4
2014,MR051461B,4
2015,MR051461B,4
2016,MR051461B,4
2017,MR051644,4
2018,MR051644,4
2019,MR051644,4
2020,MR051644,4
2021,MR051644,4
2022,MR051644,4
2023,MR051644,4
2024,MR051644,4
2025,MR051644,4
2026,MR051644,4
2027,MR051644,4
2028,MR051644,4
2029,MR051644,4
2030,MR051644,4
2031,MR051644,4
2032,MR051651,1
2033,MR051651,1
2034,MR051651,1
2035,MR051651,1
2036,MR051651,1
2037,MR051651,1
2038,MR051796,4
2039,MR051796,4
2040,MR051796,4
2041,MR051796,4
2042,MR051796,4
2043,MR051796,4
2044,MR051796,4
2045,MR051651B,3
2046,MR051651B,3
2047,MR051651B,3
2048,MR051651B,3
2049,MR051651B,3
2050,MR051651B,3
2051,MR051644B,3
2052,MR051644B,3
2053,MR051644B,3
2054,MR051644B,3
2055,MR051644B,3
2056,MR051644B,3
2057,MR051644B,3
2058,MR051796B,5
2059,MR051796B,5
2060,MR051796B,5
2061,MR052550,1
2062,MR052550,1
2063,MR052550,1
2064,MR052550,1
2065,MR051644C,4
2066,MR051644C,4
2067,MR051644C,4
2068,MR051644C,4
2069,MR051644C,4
2070,MR051644C,4
2071,MR051644C,4
2072,MR051644C,4
2073,MR051644C,4
2074,MR051644C,4
2075,MR051644C,4
2076,MR051644C,4
2077,MR049942B,3
2078,MR049942B,3
2079,MR049942B,3
2080,MR052585B,5
2081,MR052585B,5
2082,MR052585B,5
2083,MR047953C,4
2084,MR047953C,4
2085,MR047953C,4
2086,MR047953C,4
2087,MR053110B,1
2088,MR053110B,1
2089,MR053110B,1
2090,MR053110B,1
2091,MR053110B,1
2092,MR053110B,1
2093,MR034694,2
2094,MR034694,2
2095,MR034694,2
2096,MR034694,2
2097,MR054683,4
2098,MR054683,4
2099,MR054683,4
2100,MR054875,1
2101,MR054875,1
2102,MR054875,1
2103,MR054875,1
2104,MR050687C,5
2105,MR050687C,5
2106,MR050687C,5
2107,MR050687C,5
2108,MR050687C,5
2109,MR056144,5
2110,MR056144,5
2111,MR056144,5
2112,MR034997,3
2113,MR034997,3
2114,MR034997,3
2115,MR034997,3
2116,MR034997,3
2117,MR034997,3
2118,MR034997,3
2119,MR029209E,5
2120,MR029209E,5
2121,MR029209E,5
2122,MR029209E,5
2123,MR029209E,5
2124,MR029209E,5
2125,MR029209E,5
2126,MR029209E,5
2127,MR029209E,5
2128,MR053110E,1
2129,MR053110E,1
2130,MR053110E,1
2131,MR053110E,1
2132,MR053110E,1
2133,MR053110E,1
2134,MR049019G,3
2135,MR049019G,3
2136,MR049019G,3
2137,MR049019G,3
2138,MR049019G,3
2139,MR049019G,3
2140,MR049019G,3
2141,MR031409B,2
2142,MR031409B,2
2143,MR031409B,2
2144,MR024780D,1
2145,MR024780D,1
2146,MR038469,3
2147,MR038469,3
2148,MR038469,3
2149,MR038469,3
2150,MR038469,3
2151,MR038469,3
2152,MR038469,3
2153,MR032322C,2
2154,MR032322C,2
2155,MR032322C,2
2156,MR032322C,2
2157,MR032322C,2
2158,MR032322C,2
2159,MR032322C,2
2160,MR032322C,2
2161,MR032322C,2
2162,MR032322C,2
2163,MR032322C,2
2164,MR032322C,2
2165,MR032322C,2
2166,MR037458B,2
2167,MR037458B,2
2168,MR037458B,2
2169,MR037458B,2
2170,MR037458B,2
2171,MR037458B,2
2172,MR037458B,2
2173,MR037458B,2
2174,MR039473,4
2175,MR039473,4
2176,MR039473,4
2177,MR039473,4
2178,MR039473,4
2179,MR039473B,2
2180,MR039473B,2
2181,MR039473B,2
2182,MR039473B,2
2183,MR039473B,2
2184,MR039473B,2
2185,MR039473B,2
2186,MR037458C,4
2187,MR037458C,4
2188,MR037458C,4
2189,MR037458C,4
2190,MR037458C,4
2191,MR037458C,4
2192,MR037458C,4
2193,MR037458C,4
2194,MR037458C,4
2195,MR037458C,4
2196,MR040240,5
2197,MR040240,5
2198,MR040240,5
2199,MR040240,5
2200,MR040240,5
2201,MR040240,5
2202,MR040240,5
2203,MR040240,5
2204,MR040240,5
2205,MR040240,5
2206,MR040240B,3
2207,MR040240B,3
2208,MR040240B,3
2209,MR040240B,3
2210,MR040240B,3
2211,MR040240B,3
2212,MR040240B,3
2213,MR040240B,3
2214,MR040240B,3
2215,MR040240B,3
2216,MR029209G,5
2217,MR029209G,5
2218,MR029209G,5
2219,MR029209G,5
2220,MR029209G,5
2221,MR029209G,5
2222,MR029209G,5
2223,MR029209G,5
2224,MR036496B,3
2225,MR036496B,3
2226,MR036496B,3
2227,MR036496B,3
2228,MR036496B,3
2229,MR036496B,3
2230,MR033420,5
2231,MR033420,5
2232,MR033420,5
2233,MR033420,5
2234,MR033420,5
2235,MR033420,5
2236,MR033420,5
2237,MR024780B,1
2238,MR024780B,1
2239,MR024780B,1
2240,MR024780B,1
2241,MR033389B,4
2242,MR048994,2
2243,MR048994,2
2244,MR049104,1
2245,MR049104,1
2246,MR049104,1
2247,MR049142,5
2248,MR049142,5
2249,MR049142,5
2250,MR048994B,4
2251,MR048994B,4
2252,MR048994B,4
2253,MR048994B,4
2254,MR048944B,5
2255,MR048944B,5
2256,MR048944B,5
2257,MR048944B,5
2258,MR048944B,5
2259,MR048944B,5
2260,MR048944B,5
2261,MR049358,3
2262,MR049358,3
2263,MR049358,3
2264,MR049358,3
2265,MR049358,3
2266,MR049358,3
2267,MR049358,3
2268,MR049358,3
2269,MR049358,3
2270,MR049453,2
2271,MR049453,2
2272,MR049453,2
2273,MR049453,2
2274,MR049453,2
2275,MR049453,2
2276,MR049453,2
2277,MR049453,2
2278,MR049453,2
2279,MR024780G,1
2280,MR024780G,1
2281,MR024780G,1
2282,MR024780G,1
2283,MR024780G,1
2284,MR024780G,1
2285,MR024780G,1
2286,MR049453B,1
2287,MR049453B,1
2288,MR049453B,1
2289,MR049453B,1
2290,MR049453B,1
2291,MR049453B,1
2292,MR049453B,1
2293,MR049453B,1
2294,MR049453B,1
2295,MR049453B,1
2296,MR049453B,1
2297,MR049453B,1
2298,MR049453B,1
2299,MR049453B,1
2300,MR050135B,2
2301,MR050135B,2
2302,MR050135B,2
2303,MR050135B,2
2304,MR050135B,2
2305,MR050135B,2
2306,MR050135B,2
2307,MR050135B,2
2308,MR050135B,2
2309,MR050135B,2
2310,MR050135B,2
2311,MR050687,1
2312,MR050687,1
2313,MR050687,1
2314,MR050687,1
2315,MR050687,1
2316,MR050687,1
2317,MR050791B,4
2318,MR050791B,4
2319,MR050791B,4
2320,MR050791B,4
2321,MR049019C,4
2322,MR049019C,4
2323,MR049019C,4
2324,MR049019C,4
2325,MR049019C,4
2326,MR026175C,4
2327,MR026175C,4
2328,MR026175C,4
2329,MR026175C,4
2330,MR026175C,4
2331,MR026175C,4
2332,MR026175C,4
2333,MR051461,2
2334,MR051461,2
2335,MR051461,2
2336,MR051461,2
2337,MR051461,2
2338,MR051461,2
2339,MR051461,2
2340,MR051461,2
2341,MR051461,2
2342,MR051586,5
2343,MR051586,5
2344,MR033389B,4
2345,MR033389B,4
2346,MR033389B,4
2347,MR033389B,4
2348,MR033389B,4
2349,MR024780E,4
2350,MR026175E,2
2351,MR026175E,2
2352,MR026175E,2
2353,MR026175E,2
2354,MR026175E,2
2355,MR026175E,2
2356,MR026175E,2
2357,MR026175E,2
2358,MR026175E,2
2359,MR026175E,2
2360,MR026175E,2
2361,MR026175E,2
2362,MR040240C,2
2363,MR040240C,2
2364,MR040240C,2
2365,MR040240C,2
2366,MR040240C,2
2367,MR040240C,2
2368,MR040240C,2
2369,MR040240C,2
2370,MR040240C,2
2371,MR040240C,2
2372,MR040240C,2
2373,MR040240D,4
2374,MR040240D,4
2375,MR040240D,4
2376,MR040240D,4
2377,MR040240D,4
2378,MR040240D,4
2379,MR040240D,4
2380,MR040240D,4
2381,MR040240D,4
2382,MR040240D,4
2383,MR040240D,4
2384,MR017260F,2
2385,MR017260F,2
2386,MR017260F,2
2387,MR017260F,2
2388,MR017260F,2
2389,MR017260F,2
2390,MR017260F,2
2391,MR017260F,2
2392,MR017260F,2
2393,MR017260F,2
2394,MR029209I,4
2395,MR029209I,4
2396,MR029209I,4
2397,MR029209I,4
2398,MR029209I,4
2399,MR029209I,4
2400,MR029209I,4
2401,MR029209I,4
2402,MR029209I,4
2403,MR048294,1
2404,MR048294,1
2405,MR048294,1
2406,MR048294,1
2407,MR048294,1
2408,MR048294,1
2409,MR048294,1
2410,MR048297,1
2411,MR048297,1
2412,MR048297,1
2413,MR048297,1
2414,MR048297,1
2415,MR048294B,5
2416,MR048294B,5
2417,MR048294B,5
2418,MR048294B,5
2419,MR048294B,5
2420,MR048621B,5
2421,MR048621B,5
2422,MR048621B,5
2423,MR048621B,5
2424,MR048621B,5
2425,MR048621B,5
2426,MR048944,5
2427,MR048944,5
2428,MR048944,5
2429,MR048944,5
2430,MR048944,5
2431,MR048944,5
2432,MR048944,5
2433,MR048944,5
2434,MR048944,5
2435,MR048994,2
2436,MR048994,2
2437,MR048994,2
2438,MR048994,2
2439,MR048994,2
2440,MR048994,2
2441,MR048994,2
2442,MR037458C,4
2443,MR040240,5
2444,MR040240,5
2445,MR040240,5
2446,MR040240,5
2447,MR040240,5
2448,MR040240,5
2449,MR040240,5
2450,MR040240,5
2451,MR040240,5
2452,MR040240,5
2453,MR040240B,3
2454,MR040240B,3
2455,MR040240B,3
2456,MR040240B,3
2457,MR040240B,3
2458,MR040240B,3
2459,MR040240B,3
2460,MR040240B,3
2461,MR040240B,3
2462,MR040240B,3
2463,MR029209G,5
2464,MR029209G,5
2465,MR029209G,5
2466,MR029209G,5
2467,MR029209G,5
2468,MR029209G,5
2469,MR029209G,5
2470,MR036496B,3
2471,MR036496B,3
2472,MR036496B,3
2473,MR036496B,3
2474,MR036496B,3
2475,MR036496B,3
2476,MR033420,5
2477,MR033420,5
2478,MR033420,5
2479,MR033420,5
2480,MR033420,5
2481,MR033420,5
2482,MR033420,5
2483,MR033420,5
2484,MR033420,5
2485,MR033420,5
2486,MR033420,5
2487,MR033389B,4
2488,MR033389B,4
2489,MR033389B,4
2490,MR033389B,4
2491,MR033389B,4
2492,MR033389B,4
2493,MR033389B,4
2494,MR033389B,4
2495,MR033389B,4
2496,MR024780E,4
2497,MR024780E,4
2498,MR024780E,4
2499,MR026175E,2
2500,MR026175E,2
2501,MR026175E,2
2502,MR026175E,2
2503,MR026175E,2
2504,MR026175E,2
2505,MR026175E,2
2506,MR026175E,2
2507,MR026175E,2
2508,MR026175E,2
2509,MR040240C,2
2510,MR040240C,2
2511,MR040240C,2
2512,MR040240C,2
2513,MR040240C,2
2514,MR040240C,2
2515,MR040240C,2
2516,MR040240C,2
2517,MR040240C,2
2518,MR040240C,2
2519,MR040240C,2
2520,MR040240C,2
2521,MR040240C,2
2522,MR040240C,2
2523,MR040240C,2
2524,MR017260F,2
2525,MR017260F,2
2526,MR017260F,2
2527,MR017260F,2
2528,MR017260F,2
2529,MR017260F,2
2530,MR029209I,4
2531,MR029209I,4
2532,MR029209I,4
2533,MR029209I,4
2534,MR029209I,4
2535,MR029209I,4
2536,MR029209I,4
2537,MR029209I,4
2538,MR029209I,4
2539,MR029209I,4
2540,MR048294,1
2541,MR048294,1
2542,MR048294,1
2543,MR048294,1
2544,MR048294,1
2545,MR048294,1
2546,MR051586,5
2547,MR051586,5
2548,MR051586,5
2549,MR051586,5
2550,MR051461B,4
2551,MR051461B,4
2552,MR051461B,4
2553,MR051461B,4
2554,MR051644,4
2555,MR051644,4
2556,MR051644,4
2557,MR051644,4
2558,MR051644,4
2559,MR051644,4
2560,MR051644,4
2561,MR051644,4
2562,MR051644,4
2563,MR051644,4
2564,MR051644,4
2565,MR051644,4
2566,MR051651,1
2567,MR051651,1
2568,MR051651,1
2569,MR051651,1
2570,MR051651,1
2571,MR051651,1
2572,MR051651,1
2573,MR051796,4
2574,MR051796,4
2575,MR051796,4
2576,MR051796,4
2577,MR051796,4
2578,MR051796,4
2579,MR051651B,3
2580,MR051651B,3
2581,MR051651B,3
2582,MR051651B,3
2583,MR051651B,3
2584,MR051651B,3
2585,MR051651B,3
2586,MR051796B,5
2587,MR051796B,5
2588,MR051796B,5
2589,MR052550,1
2590,MR052550,1
2591,MR052550,1
2592,MR052550,1
2593,MR052550,1
2594,MR052550,1
2595,MR051644C,4
2596,MR051644C,4
2597,MR051644C,4
2598,MR051644C,4
2599,MR051644C,4
2600,MR051644C,4
2601,MR051644C,4
2602,MR051644C,4
2603,MR051644C,4
2604,MR051644C,4
2605,MR051644C,4
2606,MR051644C,4
2607,MR051644C,4
2608,MR049942B,3
2609,MR049942B,3
2610,MR049942B,3
2611,MR049942B,3
2612,MR047953C,4
2613,MR047953C,4
2614,MR047953C,4
2615,MR047953C,4
2616,MR047953C,4
2617,MR053110B,1
2618,MR053110B,1
2619,MR053110B,1
2620,MR053110B,1
2621,MR053110B,1
2622,MR053110B,1
2623,MR053110B,1
2624,MR034694,2
2625,MR034694,2
2626,MR034694,2
2627,MR034694,2
2628,MR034694,2
2629,MR034694,2
2630,MR034694,2
2631,MR054683,4
2632,MR054683,4
2633,MR054683,4
2634,MR050687C,5
2635,MR050687C,5
2636,MR050687C,5
2637,MR050687C,5
2638,MR050687C,5
2639,MR050687C,5
2640,MR050687C,5
2641,MR049242C,5
2642,MR049242C,5
2643,MR049242C,5
2644,MR049242C,5
2645,MR049242C,5
2646,MR053241C,2
2647,MR053241C,2
2648,MR053241C,2
2649,MR053241C,2
2650,MR034997,3
2651,MR034997,3
2652,MR034997,3
2653,MR034997,3
2654,MR034997,3
2655,MR034997,3
2656,MR034997,3
2657,MR029209E,5
2658,MR029209E,5
2659,MR029209E,5
2660,MR029209E,5
2661,MR029209E,5
2662,MR029209E,5
2663,MR029209E,5
2664,MR053110E,1
2665,MR053110E,1
2666,MR053110E,1
2667,MR053110E,1
2668,MR053110E,1
2669,MR053110E,1
2670,MR053110E,1
2671,MR053110E,1
2672,MR053110E,1
2673,MR053110E,1
2674,MR053110E,1
2675,MR049019G,3
2676,MR049019G,3
2677,MR049019G,3
2678,MR031409B,2
2679,MR031409B,2
2680,MR024780D,1
2681,MR024780D,1
2682,MR038469,3
2683,MR038469,3
2684,MR038469,3
2685,MR038469,3
2686,MR038469,3
2687,MR038469,3
2688,MR032322C,2
2689,MR032322C,2
2690,MR032322C,2
2691,MR032322C,2
2692,MR032322C,2
2693,MR032322C,2
2694,MR032322C,2
2695,MR032322C,2
2696,MR032322C,2
2697,MR032322C,2
2698,MR032322C,2
2699,MR032322C,2
2700,MR032322C,2
2701,MR032322C,2
2702,MR037458B,2
2703,MR037458B,2
2704,MR037458B,2
2705,MR037458B,2
2706,MR037458B,2
2707,MR037458B,2
2708,MR037458B,2
2709,MR037458B,2
2710,MR039473,4
2711,MR039473,4
2712,MR039473,4
2713,MR039473,4
2714,MR039473B,2
2715,MR039473B,2
2716,MR039473B,2
2717,MR039473B,2
2718,MR039473B,2
2719,MR039473B,2
2720,MR039473B,2
2721,MR039473B,2
2722,MR039473B,2
2723,MR037458C,4
2724,MR037458C,4
2725,MR037458C,4
2726,MR037458C,4
2727,MR037458C,4
2728,MR037458C,4
2729,MR037458C,4
2730,MR037458C,4
2731,MR029209E,5
2732,MR029209E,5
2733,MR029209E,5
2734,MR029209E,5
2735,MR029209E,5
2736,MR029209E,5
2737,MR029209E,5
2738,MR053110E,1
2739,MR053110E,1
2740,MR053110E,1
2741,MR053110E,1
2742,MR053110E,1
2743,MR049019G,3
2744,MR049019G,3
2745,MR049019G,3
2746,MR049019G,3
2747,MR049019G,3
2748,MR031409B,2
2749,MR031409B,2
2750,MR024780D,1
2751,MR024780D,1
2752,MR024780D,1
2753,MR038469,3
2754,MR038469,3
2755,MR038469,3
2756,MR038469,3
2757,MR038469,3
2758,MR032322C,2
2759,MR032322C,2
2760,MR032322C,2
2761,MR032322C,2
2762,MR032322C,2
2763,MR032322C,2
2764,MR032322C,2
2765,MR032322C,2
2766,MR032322C,2
2767,MR032322C,2
2768,MR032322C,2
2769,MR037458B,2
2770,MR037458B,2
2771,MR037458B,2
2772,MR037458B,2
2773,MR037458B,2
2774,MR039473,4
2775,MR039473,4
2776,MR039473,4
2777,MR039473,4
2778,MR039473,4
2779,MR039473,4
2780,MR039473B,2
2781,MR039473B,2
2782,MR039473B,2
2783,MR039473B,2
2784,MR039473B,2
2785,MR039473B,2
2786,MR039473B,2
2787,MR040240,5
2788,MR040240,5
2789,MR040240,5
2790,MR040240,5
2791,MR040240,5
2792,MR040240,5
2793,MR040240,5
2794,MR040240,5
2795,MR040240B,3
2796,MR040240B,3
2797,MR040240B,3
2798,MR040240B,3
2799,MR040240B,3
2800,MR029209G,5
2801,MR029209G,5
2802,MR029209G,5
2803,MR029209G,5
2804,MR029209G,5
2805,MR036496B,3
2806,MR036496B,3
2807,MR036496B,3
2808,MR036496B,3
2809,MR033420,5
2810,MR033420,5
2811,MR033420,5
2812,MR033420,5
2813,MR033420,5
2814,MR033420,5
2815,MR033420,5
2816,MR033420,5
2817,MR024780B,1
2818,MR024780B,1
2819,MR024780B,1
2820,MR024780B,1
2821,MR033389B,4
2822,MR048294,1
2823,MR048297,1
2824,MR048297,1
2825,MR048297,1
2826,MR048297,1
2827,MR048297,1
2828,MR048297,1
2829,MR048297,1
2830,MR048297,1
2831,MR048294B,5
2832,MR048294B,5
2833,MR048294B,5
2834,MR048294B,5
2835,MR048294B,5
2836,MR048294B,5
2837,MR048621B,5
2838,MR048621B,5
2839,MR048621B,5
2840,MR048944,5
2841,MR048944,5
2842,MR048944,5
2843,MR048944,5
2844,MR048944,5
2845,MR048944,5
2846,MR048994,2
2847,MR048994,2
2848,MR048994,2
2849,MR048994,2
2850,MR048994,2
2851,MR048994,2
2852,MR048994,2
2853,MR048994,2
2854,MR049104,1
2855,MR049104,1
2856,MR049104,1
2857,MR049104,1
2858,MR049142,5
2859,MR049142,5
2860,MR049142,5
2861,MR048994B,4
2862,MR048994B,4
2863,MR048994B,4
2864,MR048994B,4
2865,MR048994B,4
2866,MR049358,3
2867,MR049358,3
2868,MR049358,3
2869,MR049358,3
2870,MR049358,3
2871,MR049358,3
2872,MR049358,3
2873,MR049104B,3
2874,MR049104B,3
2875,MR049104B,3
2876,MR049453,2
2877,MR049453,2
2878,MR049453,2
2879,MR049453,2
2880,MR049453,2
2881,MR049453,2
2882,MR049453,2
2883,MR049453,2
2884,MR049453,2
2885,MR024780G,1
2886,MR024780G,1
2887,MR024780G,1
2888,MR024780G,1
2889,MR024780G,1
2890,MR024780G,1
2891,MR050135B,2
2892,MR050135B,2
2893,MR050135B,2
2894,MR050135B,2
2895,MR050135B,2
2896,MR050135B,2
2897,MR050135B,2
2898,MR050135B,2
2899,MR050135B,2
2900,MR050687,1
2901,MR050687,1
2902,MR050687,1
2903,MR050687,1
2904,MR050687,1
2905,MR050687,1
2906,MR050791B,4
2907,MR050791B,4
2908,MR050791B,4
2909,MR050791B,4
2910,MR050791B,4
2911,MR050791B,4
2912,MR050791B,4
2913,MR050791B,4
2914,MR049019C,4
2915,MR049019C,4
2916,MR049019C,4
2917,MR049019C,4
2918,MR051461,2
2919,MR051461,2
2920,MR051461,2
2921,MR051461,2
2922,MR051461,2
2923,MR051461,2
2924,MR051461,2
2925,MR051586,5
2926,MR051586,5
2927,MR051586,5
2928,MR051586,5
2929,MR051586,5
2930,MR051586,5
2931,MR051586,5
2932,MR051586,5
2933,MR051586,5
2934,MR051644,4
2935,MR051644,4
2936,MR051644,4
2937,MR051644,4
2938,MR051644,4
2939,MR051644,4
2940,MR051644,4
2941,MR051644,4
2942,MR051644,4
2943,MR051644,4
2944,MR051651,1
2945,MR051651,1
2946,MR051651,1
2947,MR051651,1
2948,MR051796,4
2949,MR051796,4
2950,MR051796,4
2951,MR051796,4
2952,MR051796,4
2953,MR051796,4
2954,MR051796,4
2955,MR051651B,3
2956,MR051651B,3
2957,MR051651B,3
2958,MR051651B,3
2959,MR051651B,3
2960,MR051651B,3
2961,MR051644B,3
2962,MR051644B,3
2963,MR051644B,3
2964,MR051644B,3
2965,MR051644B,3
2966,MR051644B,3
2967,MR051644B,3
2968,MR051644B,3
2969,MR051644B,3
2970,MR051796B,5
2971,MR051796B,5
2972,MR051796B,5
2973,MR051796B,5
2974,MR051796B,5
2975,MR052550,1
2976,MR052550,1
2977,MR052550,1
2978,MR052550,1
2979,MR052550,1
2980,MR052550,1
2981,MR052550,1
2982,MR052550,1
2983,MR051644C,4
2984,MR051644C,4
2985,MR051644C,4
2986,MR051644C,4
2987,MR051644C,4
2988,MR051644C,4
2989,MR051644C,4
2990,MR051644C,4
2991,MR051644C,4
2992,MR051644C,4
2993,MR049942B,3
2994,MR049942B,3
2995,MR049942B,3
2996,MR052585B,5
2997,MR052585B,5
2998,MR052585B,5
2999,MR053110B,1
3000,MR053110B,1
3001,MR053110B,1
3002,MR053110B,1
3003,MR053110B,1
3004,MR053110B,1
3005,MR034694,2
3006,MR034694,2
3007,MR034694,2
3008,MR034694,2
3009,MR054875,1
3010,MR054875,1
3011,MR054875,1
3012,MR054875,1
3013,MR054875,1
3014,MR050687C,5
3015,MR050687C,5
3016,MR050687C,5
3017,MR050687C,5
3018,MR050687C,5
3019,MR050687C,5
3020,MR056144,5
3021,MR056144,5
3022,MR034997,3
3023,MR034997,3
3024,MR034997,3
3025,MR034997,3
3026,MR034997,3
3027,MR034997,3
3028,MR034997,3
3029,MR029209E,5
3030,53669,5
3031,MR033389B,4
3032,MR033389B,4
3033,MR033389B,4
3034,MR033389B,4
3035,MR033389B,4
3036,MR033389B,4
3037,MR033389B,4
3038,MR033389B,4
3039,MR024780E,4
3040,MR024780E,4
3041,MR024780E,4
3042,MR040240C,2
3043,MR040240C,2
3044,MR040240C,2
3045,MR040240C,2
3046,MR040240C,2
3047,MR040240D,4
3048,MR040240D,4
3049,MR017260F,2
3050,MR017260F,2
3051,MR017260F,2
3052,MR017260F,2
3053,MR017260F,2
3054,MR017260F,2
3055,MR017260F,2
3056,MR029209I,4
3057,MR029209I,4
3058,MR029209I,4
3059,MR029209I,4
3060,MR029209I,4
3061,MR029209I,4
3062,MR029209I,4
3063,95969,2
3064,88510,1
