Image,text,pseudo_label
bjorke_40.png,"Bilateral pulmonary infection, nine infected areas, middle left lung and middle right lung.","[0, 1, 0, 0, 1, 0]"
Jun_coronacases_case10_132.png,"Bilateral pulmonary infection, three infected areas, upper left lung and middle right lung.","[1, 0, 0, 0, 1, 0]"
Jun_coronacases_case1_115.png,"Bilateral pulmonary infection, six infected areas, middle left lung and upper right lung.","[0, 1, 0, 1, 0, 0]"
Jun_coronacases_case1_183.png,"Bilateral pulmonary infection, five infected areas, upper left lung and upper right lung.","[1, 0, 0, 1, 0, 0]"
Jun_coronacases_case1_189.png,"Bilateral pulmonary infection, eight infected areas, upper left lung and upper right lung.","[1, 0, 0, 1, 0, 0]"
Jun_coronacases_case2_105.png,"Bilateral pulmonary infection, five infected areas, middle left lung and middle right lung.","[0, 1, 0, 0, 1, 0]"
Jun_coronacases_case4_173.png,"Unilateral pulmonary infection, one infected areas, left lung and middle right lung.","[1, 1, 1, 0, 1, 0]"
Jun_coronacases_case5_136.png,"Unilateral pulmonary infection, one infected areas, middle left lung.","[0, 1, 0, 0, 0, 0]"
Jun_radiopaedia_10_85902_3_case12_113.png,"Unilateral pulmonary infection, one infected areas, upper left lung.","[1, 0, 0, 0, 0, 0]"
Jun_radiopaedia_10_85902_3_case12_60.png,"Unilateral pulmonary infection, one infected areas, upper left lung.","[1, 0, 0, 0, 0, 0]"
Jun_radiopaedia_14_85914_0_case13_63.png,"Bilateral pulmonary infection, seven infected areas, all left lung and upper right lung.","[1, 1, 1, 1, 0, 0]"
Jun_radiopaedia_40_86625_0_case18_19.png,"Bilateral pulmonary infection, two infected areas, upper left lung and middle right lung.","[1, 0, 0, 0, 1, 0]"
Morozov_study_0255_11.png,"No pulmonary infection, zero infected areas.","[0, 0, 0, 0, 0, 0]"
Morozov_study_0260_18.png,"Unilateral pulmonary infection, one infected areas, lower left lung.","[0, 0, 1, 0, 0, 0]"
Morozov_study_0269_29.png,"Bilateral pulmonary infection, three infected areas, middle left lung and lower right lung.","[0, 1, 0, 0, 0, 1]"
Morozov_study_0272_13.png,"Unilateral pulmonary infection, one infected areas, middle left lung.","[0, 1, 0, 0, 0, 0]"
Morozov_study_0274_8.png,"Bilateral pulmonary infection, two infected areas, middle left lung and middle right lung.","[0, 1, 0, 0, 1, 0]"
Morozov_study_0280_24.png,"Bilateral pulmonary infection, three infected areas, middle left lung and middle right lung.","[0, 1, 0, 0, 1, 0]"
Morozov_study_0284_19.png,"Unilateral pulmonary infection, one infected areas, upper left lung.","[1, 0, 0, 0, 0, 0]"
Morozov_study_0285_19.png,"Bilateral pulmonary infection, six infected areas, upper left lung and middle right lung.","[1, 0, 0, 0, 1, 0]"
Morozov_study_0289_30.png,"Unilateral pulmonary infection, one infected areas, left lung and middle right lung.","[1, 1, 1, 0, 1, 0]"
